Domain Code,Domain,Area Code,Area,Element Code,Element,Item Code,Item,Year Code,Year,Unit,Value,Flag,Flag Description,Note
"GT","Agriculture Total","5100","Africa","7231","Emissions (CO2eq)","1711","Agriculture total","1961","1961","gigagrams","233438.4999","A","Aggregate, may include official, semi-official, estimated or calculated data",""
"GT","Agriculture Total","5100","Africa","7231","Emissions (CO2eq)","1711","Agriculture total","1962","1962","gigagrams","237662.8733","A","Aggregate, may include official, semi-official, estimated or calculated data",""
"GT","Agriculture Total","5100","Africa","7231","Emissions (CO2eq)","1711","Agriculture total","1963","1963","gigagrams","241883.7194","A","Aggregate, may include official, semi-official, estimated or calculated data",""
"GT","Agriculture Total","5100","Africa","7231","Emissions (CO2eq)","1711","Agriculture total","1964","1964","gigagrams","248689.6523","A","Aggregate, may include official, semi-official, estimated or calculated data",""
"GT","Agriculture Total","5100","Africa","7231","Emissions (CO2eq)","1711","Agriculture total","1965","1965","gigagrams","255912.4287","A","Aggregate, may include official, semi-official, estimated or calculated data",""
"GT","Agriculture Total","5100","Africa","7231","Emissions (CO2eq)","1711","Agriculture total","1966","1966","gigagrams","260325.9482","A","Aggregate, may include official, semi-official, estimated or calculated data",""
"GT","Agriculture Total","5100","Africa","7231","Emissions (CO2eq)","1711","Agriculture total","1967","1967","gigagrams","270080.4136","A","Aggregate, may include official, semi-official, estimated or calculated data",""
"GT","Agriculture Total","5100","Africa","7231","Emissions (CO2eq)","1711","Agriculture total","1968","1968","gigagrams","278288.406","A","Aggregate, may include official, semi-official, estimated or calculated data",""
"GT","Agriculture Total","5100","Africa","7231","Emissions (CO2eq)","1711","Agriculture total","1969","1969","gigagrams","284094.1318","A","Aggregate, may include official, semi-official, estimated or calculated data",""
"GT","Agriculture Total","5100","Africa","7231","Emissions (CO2eq)","1711","Agriculture total","1970","1970","gigagrams","289062.6459","A","Aggregate, may include official, semi-official, estimated or calculated data",""
"GT","Agriculture Total","5100","Africa","7231","Emissions (CO2eq)","1711","Agriculture total","1971","1971","gigagrams","293824.0031","A","Aggregate, may include official, semi-official, estimated or calculated data",""
"GT","Agriculture Total","5100","Africa","7231","Emissions (CO2eq)","1711","Agriculture total","1972","1972","gigagrams","295462.9448","A","Aggregate, may include official, semi-official, estimated or calculated data",""
"GT","Agriculture Total","5100","Africa","7231","Emissions (CO2eq)","1711","Agriculture total","1973","1973","gigagrams","295652.0408","A","Aggregate, may include official, semi-official, estimated or calculated data",""
"GT","Agriculture Total","5100","Africa","7231","Emissions (CO2eq)","1711","Agriculture total","1974","1974","gigagrams","298006.7114","A","Aggregate, may include official, semi-official, estimated or calculated data",""
"GT","Agriculture Total","5100","Africa","7231","Emissions (CO2eq)","1711","Agriculture total","1975","1975","gigagrams","305444.1486","A","Aggregate, may include official, semi-official, estimated or calculated data",""
"GT","Agriculture Total","5100","Africa","7231","Emissions (CO2eq)","1711","Agriculture total","1976","1976","gigagrams","309786.1273","A","Aggregate, may include official, semi-official, estimated or calculated data",""
"GT","Agriculture Total","5100","Africa","7231","Emissions (CO2eq)","1711","Agriculture total","1977","1977","gigagrams","317357.0238","A","Aggregate, may include official, semi-official, estimated or calculated data",""
"GT","Agriculture Total","5100","Africa","7231","Emissions (CO2eq)","1711","Agriculture total","1978","1978","gigagrams","327186.1649","A","Aggregate, may include official, semi-official, estimated or calculated data",""
"GT","Agriculture Total","5100","Africa","7231","Emissions (CO2eq)","1711","Agriculture total","1979","1979","gigagrams","335482.349","A","Aggregate, may include official, semi-official, estimated or calculated data",""
"GT","Agriculture Total","5100","Africa","7231","Emissions (CO2eq)","1711","Agriculture total","1980","1980","gigagrams","341249.8161","A","Aggregate, may include official, semi-official, estimated or calculated data",""
"GT","Agriculture Total","5100","Africa","7231","Emissions (CO2eq)","1711","Agriculture total","1981","1981","gigagrams","346602.823","A","Aggregate, may include official, semi-official, estimated or calculated data",""
"GT","Agriculture Total","5100","Africa","7231","Emissions (CO2eq)","1711","Agriculture total","1982","1982","gigagrams","353348.4395","A","Aggregate, may include official, semi-official, estimated or calculated data",""
"GT","Agriculture Total","5100","Africa","7231","Emissions (CO2eq)","1711","Agriculture total","1983","1983","gigagrams","355157.9161","A","Aggregate, may include official, semi-official, estimated or calculated data",""
"GT","Agriculture Total","5100","Africa","7231","Emissions (CO2eq)","1711","Agriculture total","1984","1984","gigagrams","348713.0112","A","Aggregate, may include official, semi-official, estimated or calculated data",""
"GT","Agriculture Total","5100","Africa","7231","Emissions (CO2eq)","1711","Agriculture total","1985","1985","gigagrams","355012.5702","A","Aggregate, may include official, semi-official, estimated or calculated data",""
"GT","Agriculture Total","5100","Africa","7231","Emissions (CO2eq)","1711","Agriculture total","1986","1986","gigagrams","362425.2446","A","Aggregate, may include official, semi-official, estimated or calculated data",""
"GT","Agriculture Total","5100","Africa","7231","Emissions (CO2eq)","1711","Agriculture total","1987","1987","gigagrams","363151.1709","A","Aggregate, may include official, semi-official, estimated or calculated data",""
"GT","Agriculture Total","5100","Africa","7231","Emissions (CO2eq)","1711","Agriculture total","1988","1988","gigagrams","372632.1973","A","Aggregate, may include official, semi-official, estimated or calculated data",""
"GT","Agriculture Total","5100","Africa","7231","Emissions (CO2eq)","1711","Agriculture total","1989","1989","gigagrams","384838.3799","A","Aggregate, may include official, semi-official, estimated or calculated data",""
"GT","Agriculture Total","5100","Africa","7231","Emissions (CO2eq)","1711","Agriculture total","1990","1990","gigagrams","591313.5126","A","Aggregate, may include official, semi-official, estimated or calculated data",""
"GT","Agriculture Total","5100","Africa","7231","Emissions (CO2eq)","1711","Agriculture total","1991","1991","gigagrams","593519.8895","A","Aggregate, may include official, semi-official, estimated or calculated data",""
"GT","Agriculture Total","5100","Africa","7231","Emissions (CO2eq)","1711","Agriculture total","1992","1992","gigagrams","600299.2892","A","Aggregate, may include official, semi-official, estimated or calculated data",""
"GT","Agriculture Total","5100","Africa","7231","Emissions (CO2eq)","1711","Agriculture total","1993","1993","gigagrams","600732.482","A","Aggregate, may include official, semi-official, estimated or calculated data",""
"GT","Agriculture Total","5100","Africa","7231","Emissions (CO2eq)","1711","Agriculture total","1994","1994","gigagrams","607993.4377","A","Aggregate, may include official, semi-official, estimated or calculated data",""
"GT","Agriculture Total","5100","Africa","7231","Emissions (CO2eq)","1711","Agriculture total","1995","1995","gigagrams","616921.7282","A","Aggregate, may include official, semi-official, estimated or calculated data",""
"GT","Agriculture Total","5100","Africa","7231","Emissions (CO2eq)","1711","Agriculture total","1996","1996","gigagrams","605339.67","A","Aggregate, may include official, semi-official, estimated or calculated data",""
"GT","Agriculture Total","5100","Africa","7231","Emissions (CO2eq)","1711","Agriculture total","1997","1997","gigagrams","612777.3853","A","Aggregate, may include official, semi-official, estimated or calculated data",""
"GT","Agriculture Total","5100","Africa","7231","Emissions (CO2eq)","1711","Agriculture total","1998","1998","gigagrams","646788.289","A","Aggregate, may include official, semi-official, estimated or calculated data",""
"GT","Agriculture Total","5100","Africa","7231","Emissions (CO2eq)","1711","Agriculture total","1999","1999","gigagrams","647219.737","A","Aggregate, may include official, semi-official, estimated or calculated data",""
"GT","Agriculture Total","5100","Africa","7231","Emissions (CO2eq)","1711","Agriculture total","2000","2000","gigagrams","656179.9854","A","Aggregate, may include official, semi-official, estimated or calculated data",""
"GT","Agriculture Total","5100","Africa","7231","Emissions (CO2eq)","1711","Agriculture total","2001","2001","gigagrams","681036.5662","A","Aggregate, may include official, semi-official, estimated or calculated data",""
"GT","Agriculture Total","5100","Africa","7231","Emissions (CO2eq)","1711","Agriculture total","2002","2002","gigagrams","710409.014","A","Aggregate, may include official, semi-official, estimated or calculated data",""
"GT","Agriculture Total","5100","Africa","7231","Emissions (CO2eq)","1711","Agriculture total","2003","2003","gigagrams","731017.1239","A","Aggregate, may include official, semi-official, estimated or calculated data",""
"GT","Agriculture Total","5100","Africa","7231","Emissions (CO2eq)","1711","Agriculture total","2004","2004","gigagrams","726933.8497","A","Aggregate, may include official, semi-official, estimated or calculated data",""
"GT","Agriculture Total","5100","Africa","7231","Emissions (CO2eq)","1711","Agriculture total","2005","2005","gigagrams","768324.3856","A","Aggregate, may include official, semi-official, estimated or calculated data",""
"GT","Agriculture Total","5100","Africa","7231","Emissions (CO2eq)","1711","Agriculture total","2006","2006","gigagrams","748797.7949","A","Aggregate, may include official, semi-official, estimated or calculated data",""
"GT","Agriculture Total","5100","Africa","7231","Emissions (CO2eq)","1711","Agriculture total","2007","2007","gigagrams","786779.1808","A","Aggregate, may include official, semi-official, estimated or calculated data",""
"GT","Agriculture Total","5100","Africa","7231","Emissions (CO2eq)","1711","Agriculture total","2008","2008","gigagrams","810052.0206","A","Aggregate, may include official, semi-official, estimated or calculated data",""
"GT","Agriculture Total","5100","Africa","7231","Emissions (CO2eq)","1711","Agriculture total","2009","2009","gigagrams","790949.0416","A","Aggregate, may include official, semi-official, estimated or calculated data",""
"GT","Agriculture Total","5100","Africa","7231","Emissions (CO2eq)","1711","Agriculture total","2010","2010","gigagrams","834309.5356","A","Aggregate, may include official, semi-official, estimated or calculated data",""
"GT","Agriculture Total","5100","Africa","7231","Emissions (CO2eq)","1711","Agriculture total","2011","2011","gigagrams","851180.5528","A","Aggregate, may include official, semi-official, estimated or calculated data",""
"GT","Agriculture Total","5100","Africa","7231","Emissions (CO2eq)","1711","Agriculture total","2012","2012","gigagrams","849069.1667","A","Aggregate, may include official, semi-official, estimated or calculated data",""
"GT","Agriculture Total","5100","Africa","7231","Emissions (CO2eq)","1711","Agriculture total","2013","2013","gigagrams","853621.2194","A","Aggregate, may include official, semi-official, estimated or calculated data",""
"GT","Agriculture Total","5100","Africa","7231","Emissions (CO2eq)","1711","Agriculture total","2014","2014","gigagrams","854475.5623","A","Aggregate, may include official, semi-official, estimated or calculated data",""
"GT","Agriculture Total","5100","Africa","7231","Emissions (CO2eq)","1711","Agriculture total","2015","2015","gigagrams","903270.0592","A","Aggregate, may include official, semi-official, estimated or calculated data",""
"GT","Agriculture Total","5100","Africa","7231","Emissions (CO2eq)","1711","Agriculture total","2016","2016","gigagrams","936234.3419","A","Aggregate, may include official, semi-official, estimated or calculated data",""
"GT","Agriculture Total","5100","Africa","7231","Emissions (CO2eq)","1711","Agriculture total","2017","2017","gigagrams","952860.3664","A","Aggregate, may include official, semi-official, estimated or calculated data",""
"GT","Agriculture Total","5203","Northern America","7231","Emissions (CO2eq)","1711","Agriculture total","1961","1961","gigagrams","315617.8155","A","Aggregate, may include official, semi-official, estimated or calculated data",""
"GT","Agriculture Total","5203","Northern America","7231","Emissions (CO2eq)","1711","Agriculture total","1962","1962","gigagrams","324976.9837","A","Aggregate, may include official, semi-official, estimated or calculated data",""
"GT","Agriculture Total","5203","Northern America","7231","Emissions (CO2eq)","1711","Agriculture total","1963","1963","gigagrams","334145.3664","A","Aggregate, may include official, semi-official, estimated or calculated data",""
"GT","Agriculture Total","5203","Northern America","7231","Emissions (CO2eq)","1711","Agriculture total","1964","1964","gigagrams","339360.1394","A","Aggregate, may include official, semi-official, estimated or calculated data",""
"GT","Agriculture Total","5203","Northern America","7231","Emissions (CO2eq)","1711","Agriculture total","1965","1965","gigagrams","344662.1254","A","Aggregate, may include official, semi-official, estimated or calculated data",""
"GT","Agriculture Total","5203","Northern America","7231","Emissions (CO2eq)","1711","Agriculture total","1966","1966","gigagrams","345206.6436","A","Aggregate, may include official, semi-official, estimated or calculated data",""
"GT","Agriculture Total","5203","Northern America","7231","Emissions (CO2eq)","1711","Agriculture total","1967","1967","gigagrams","351423.2821","A","Aggregate, may include official, semi-official, estimated or calculated data",""
"GT","Agriculture Total","5203","Northern America","7231","Emissions (CO2eq)","1711","Agriculture total","1968","1968","gigagrams","352334.1207","A","Aggregate, may include official, semi-official, estimated or calculated data",""
"GT","Agriculture Total","5203","Northern America","7231","Emissions (CO2eq)","1711","Agriculture total","1969","1969","gigagrams","354287.8326","A","Aggregate, may include official, semi-official, estimated or calculated data",""
"GT","Agriculture Total","5203","Northern America","7231","Emissions (CO2eq)","1711","Agriculture total","1970","1970","gigagrams","358433.2327","A","Aggregate, may include official, semi-official, estimated or calculated data",""
"GT","Agriculture Total","5203","Northern America","7231","Emissions (CO2eq)","1711","Agriculture total","1971","1971","gigagrams","368751.7897","A","Aggregate, may include official, semi-official, estimated or calculated data",""
"GT","Agriculture Total","5203","Northern America","7231","Emissions (CO2eq)","1711","Agriculture total","1972","1972","gigagrams","373694.6851","A","Aggregate, may include official, semi-official, estimated or calculated data",""
"GT","Agriculture Total","5203","Northern America","7231","Emissions (CO2eq)","1711","Agriculture total","1973","1973","gigagrams","386840.2296","A","Aggregate, may include official, semi-official, estimated or calculated data",""
"GT","Agriculture Total","5203","Northern America","7231","Emissions (CO2eq)","1711","Agriculture total","1974","1974","gigagrams","393813.8541","A","Aggregate, may include official, semi-official, estimated or calculated data",""
"GT","Agriculture Total","5203","Northern America","7231","Emissions (CO2eq)","1711","Agriculture total","1975","1975","gigagrams","414153.5134","A","Aggregate, may include official, semi-official, estimated or calculated data",""
"GT","Agriculture Total","5203","Northern America","7231","Emissions (CO2eq)","1711","Agriculture total","1976","1976","gigagrams","406272.3947","A","Aggregate, may include official, semi-official, estimated or calculated data",""
"GT","Agriculture Total","5203","Northern America","7231","Emissions (CO2eq)","1711","Agriculture total","1977","1977","gigagrams","395157.3378","A","Aggregate, may include official, semi-official, estimated or calculated data",""
"GT","Agriculture Total","5203","Northern America","7231","Emissions (CO2eq)","1711","Agriculture total","1978","1978","gigagrams","390793.1454","A","Aggregate, may include official, semi-official, estimated or calculated data",""
"GT","Agriculture Total","5203","Northern America","7231","Emissions (CO2eq)","1711","Agriculture total","1979","1979","gigagrams","388031.0921","A","Aggregate, may include official, semi-official, estimated or calculated data",""
"GT","Agriculture Total","5203","Northern America","7231","Emissions (CO2eq)","1711","Agriculture total","1980","1980","gigagrams","395586.0437","A","Aggregate, may include official, semi-official, estimated or calculated data",""
"GT","Agriculture Total","5203","Northern America","7231","Emissions (CO2eq)","1711","Agriculture total","1981","1981","gigagrams","401027.657","A","Aggregate, may include official, semi-official, estimated or calculated data",""
"GT","Agriculture Total","5203","Northern America","7231","Emissions (CO2eq)","1711","Agriculture total","1982","1982","gigagrams","389951.6138","A","Aggregate, may include official, semi-official, estimated or calculated data",""
"GT","Agriculture Total","5203","Northern America","7231","Emissions (CO2eq)","1711","Agriculture total","1983","1983","gigagrams","388117.6333","A","Aggregate, may include official, semi-official, estimated or calculated data",""
"GT","Agriculture Total","5203","Northern America","7231","Emissions (CO2eq)","1711","Agriculture total","1984","1984","gigagrams","395809.1337","A","Aggregate, may include official, semi-official, estimated or calculated data",""
"GT","Agriculture Total","5203","Northern America","7231","Emissions (CO2eq)","1711","Agriculture total","1985","1985","gigagrams","382901.7997","A","Aggregate, may include official, semi-official, estimated or calculated data",""
"GT","Agriculture Total","5203","Northern America","7231","Emissions (CO2eq)","1711","Agriculture total","1986","1986","gigagrams","370157.5589","A","Aggregate, may include official, semi-official, estimated or calculated data",""
"GT","Agriculture Total","5203","Northern America","7231","Emissions (CO2eq)","1711","Agriculture total","1987","1987","gigagrams","362526.3571","A","Aggregate, may include official, semi-official, estimated or calculated data",""
"GT","Agriculture Total","5203","Northern America","7231","Emissions (CO2eq)","1711","Agriculture total","1988","1988","gigagrams","356349.8079","A","Aggregate, may include official, semi-official, estimated or calculated data",""
"GT","Agriculture Total","5203","Northern America","7231","Emissions (CO2eq)","1711","Agriculture total","1989","1989","gigagrams","360283.9497","A","Aggregate, may include official, semi-official, estimated or calculated data",""
"GT","Agriculture Total","5203","Northern America","7231","Emissions (CO2eq)","1711","Agriculture total","1990","1990","gigagrams","378170.8028","A","Aggregate, may include official, semi-official, estimated or calculated data",""
"GT","Agriculture Total","5203","Northern America","7231","Emissions (CO2eq)","1711","Agriculture total","1991","1991","gigagrams","379396.1797","A","Aggregate, may include official, semi-official, estimated or calculated data",""
"GT","Agriculture Total","5203","Northern America","7231","Emissions (CO2eq)","1711","Agriculture total","1992","1992","gigagrams","387133.9121","A","Aggregate, may include official, semi-official, estimated or calculated data",""
"GT","Agriculture Total","5203","Northern America","7231","Emissions (CO2eq)","1711","Agriculture total","1993","1993","gigagrams","391479.0327","A","Aggregate, may include official, semi-official, estimated or calculated data",""
"GT","Agriculture Total","5203","Northern America","7231","Emissions (CO2eq)","1711","Agriculture total","1994","1994","gigagrams","396839.8252","A","Aggregate, may include official, semi-official, estimated or calculated data",""
"GT","Agriculture Total","5203","Northern America","7231","Emissions (CO2eq)","1711","Agriculture total","1995","1995","gigagrams","400293.2259","A","Aggregate, may include official, semi-official, estimated or calculated data",""
"GT","Agriculture Total","5203","Northern America","7231","Emissions (CO2eq)","1711","Agriculture total","1996","1996","gigagrams","406522.8017","A","Aggregate, may include official, semi-official, estimated or calculated data",""
"GT","Agriculture Total","5203","Northern America","7231","Emissions (CO2eq)","1711","Agriculture total","1997","1997","gigagrams","404308.0822","A","Aggregate, may include official, semi-official, estimated or calculated data",""
"GT","Agriculture Total","5203","Northern America","7231","Emissions (CO2eq)","1711","Agriculture total","1998","1998","gigagrams","404920.6915","A","Aggregate, may include official, semi-official, estimated or calculated data",""
"GT","Agriculture Total","5203","Northern America","7231","Emissions (CO2eq)","1711","Agriculture total","1999","1999","gigagrams","400761.108","A","Aggregate, may include official, semi-official, estimated or calculated data",""
"GT","Agriculture Total","5203","Northern America","7231","Emissions (CO2eq)","1711","Agriculture total","2000","2000","gigagrams","392798.5055","A","Aggregate, may include official, semi-official, estimated or calculated data",""
"GT","Agriculture Total","5203","Northern America","7231","Emissions (CO2eq)","1711","Agriculture total","2001","2001","gigagrams","393312.7767","A","Aggregate, may include official, semi-official, estimated or calculated data",""
"GT","Agriculture Total","5203","Northern America","7231","Emissions (CO2eq)","1711","Agriculture total","2002","2002","gigagrams","393171.4351","A","Aggregate, may include official, semi-official, estimated or calculated data",""
"GT","Agriculture Total","5203","Northern America","7231","Emissions (CO2eq)","1711","Agriculture total","2003","2003","gigagrams","398944.955","A","Aggregate, may include official, semi-official, estimated or calculated data",""
"GT","Agriculture Total","5203","Northern America","7231","Emissions (CO2eq)","1711","Agriculture total","2004","2004","gigagrams","402037.4397","A","Aggregate, may include official, semi-official, estimated or calculated data",""
"GT","Agriculture Total","5203","Northern America","7231","Emissions (CO2eq)","1711","Agriculture total","2005","2005","gigagrams","402479.8692","A","Aggregate, may include official, semi-official, estimated or calculated data",""
"GT","Agriculture Total","5203","Northern America","7231","Emissions (CO2eq)","1711","Agriculture total","2006","2006","gigagrams","402519.776","A","Aggregate, may include official, semi-official, estimated or calculated data",""
"GT","Agriculture Total","5203","Northern America","7231","Emissions (CO2eq)","1711","Agriculture total","2007","2007","gigagrams","409016.3975","A","Aggregate, may include official, semi-official, estimated or calculated data",""
"GT","Agriculture Total","5203","Northern America","7231","Emissions (CO2eq)","1711","Agriculture total","2008","2008","gigagrams","405875.4631","A","Aggregate, may include official, semi-official, estimated or calculated data",""
"GT","Agriculture Total","5203","Northern America","7231","Emissions (CO2eq)","1711","Agriculture total","2009","2009","gigagrams","398374.5317","A","Aggregate, may include official, semi-official, estimated or calculated data",""
"GT","Agriculture Total","5203","Northern America","7231","Emissions (CO2eq)","1711","Agriculture total","2010","2010","gigagrams","400729.7732","A","Aggregate, may include official, semi-official, estimated or calculated data",""
"GT","Agriculture Total","5203","Northern America","7231","Emissions (CO2eq)","1711","Agriculture total","2011","2011","gigagrams","404994.6459","A","Aggregate, may include official, semi-official, estimated or calculated data",""
"GT","Agriculture Total","5203","Northern America","7231","Emissions (CO2eq)","1711","Agriculture total","2012","2012","gigagrams","404040.0709","A","Aggregate, may include official, semi-official, estimated or calculated data",""
"GT","Agriculture Total","5203","Northern America","7231","Emissions (CO2eq)","1711","Agriculture total","2013","2013","gigagrams","404155.4007","A","Aggregate, may include official, semi-official, estimated or calculated data",""
"GT","Agriculture Total","5203","Northern America","7231","Emissions (CO2eq)","1711","Agriculture total","2014","2014","gigagrams","402887.1715","A","Aggregate, may include official, semi-official, estimated or calculated data",""
"GT","Agriculture Total","5203","Northern America","7231","Emissions (CO2eq)","1711","Agriculture total","2015","2015","gigagrams","402005.799","A","Aggregate, may include official, semi-official, estimated or calculated data",""
"GT","Agriculture Total","5203","Northern America","7231","Emissions (CO2eq)","1711","Agriculture total","2016","2016","gigagrams","410424.3262","A","Aggregate, may include official, semi-official, estimated or calculated data",""
"GT","Agriculture Total","5203","Northern America","7231","Emissions (CO2eq)","1711","Agriculture total","2017","2017","gigagrams","409617.8246","A","Aggregate, may include official, semi-official, estimated or calculated data",""
"GT","Agriculture Total","5207","South America","7231","Emissions (CO2eq)","1711","Agriculture total","1961","1961","gigagrams","312337.5409","A","Aggregate, may include official, semi-official, estimated or calculated data",""
"GT","Agriculture Total","5207","South America","7231","Emissions (CO2eq)","1711","Agriculture total","1962","1962","gigagrams","317573.2935","A","Aggregate, may include official, semi-official, estimated or calculated data",""
"GT","Agriculture Total","5207","South America","7231","Emissions (CO2eq)","1711","Agriculture total","1963","1963","gigagrams","317920.6615","A","Aggregate, may include official, semi-official, estimated or calculated data",""
"GT","Agriculture Total","5207","South America","7231","Emissions (CO2eq)","1711","Agriculture total","1964","1964","gigagrams","328849.8813","A","Aggregate, may include official, semi-official, estimated or calculated data",""
"GT","Agriculture Total","5207","South America","7231","Emissions (CO2eq)","1711","Agriculture total","1965","1965","gigagrams","342391.3872","A","Aggregate, may include official, semi-official, estimated or calculated data",""
"GT","Agriculture Total","5207","South America","7231","Emissions (CO2eq)","1711","Agriculture total","1966","1966","gigagrams","351508.5253","A","Aggregate, may include official, semi-official, estimated or calculated data",""
"GT","Agriculture Total","5207","South America","7231","Emissions (CO2eq)","1711","Agriculture total","1967","1967","gigagrams","362898.0934","A","Aggregate, may include official, semi-official, estimated or calculated data",""
"GT","Agriculture Total","5207","South America","7231","Emissions (CO2eq)","1711","Agriculture total","1968","1968","gigagrams","369382.2878","A","Aggregate, may include official, semi-official, estimated or calculated data",""
"GT","Agriculture Total","5207","South America","7231","Emissions (CO2eq)","1711","Agriculture total","1969","1969","gigagrams","371847.8726","A","Aggregate, may include official, semi-official, estimated or calculated data",""
"GT","Agriculture Total","5207","South America","7231","Emissions (CO2eq)","1711","Agriculture total","1970","1970","gigagrams","379964.4032","A","Aggregate, may include official, semi-official, estimated or calculated data",""
"GT","Agriculture Total","5207","South America","7231","Emissions (CO2eq)","1711","Agriculture total","1971","1971","gigagrams","389398.6445","A","Aggregate, may include official, semi-official, estimated or calculated data",""
"GT","Agriculture Total","5207","South America","7231","Emissions (CO2eq)","1711","Agriculture total","1972","1972","gigagrams","403710.9637","A","Aggregate, may include official, semi-official, estimated or calculated data",""
"GT","Agriculture Total","5207","South America","7231","Emissions (CO2eq)","1711","Agriculture total","1973","1973","gigagrams","416102.7694","A","Aggregate, may include official, semi-official, estimated or calculated data",""
"GT","Agriculture Total","5207","South America","7231","Emissions (CO2eq)","1711","Agriculture total","1974","1974","gigagrams","430755.478","A","Aggregate, may include official, semi-official, estimated or calculated data",""
"GT","Agriculture Total","5207","South America","7231","Emissions (CO2eq)","1711","Agriculture total","1975","1975","gigagrams","443355.5474","A","Aggregate, may include official, semi-official, estimated or calculated data",""
"GT","Agriculture Total","5207","South America","7231","Emissions (CO2eq)","1711","Agriculture total","1976","1976","gigagrams","465926.7734","A","Aggregate, may include official, semi-official, estimated or calculated data",""
"GT","Agriculture Total","5207","South America","7231","Emissions (CO2eq)","1711","Agriculture total","1977","1977","gigagrams","482278.3957","A","Aggregate, may include official, semi-official, estimated or calculated data",""
"GT","Agriculture Total","5207","South America","7231","Emissions (CO2eq)","1711","Agriculture total","1978","1978","gigagrams","476824.8269","A","Aggregate, may include official, semi-official, estimated or calculated data",""
"GT","Agriculture Total","5207","South America","7231","Emissions (CO2eq)","1711","Agriculture total","1979","1979","gigagrams","483203.6448","A","Aggregate, may include official, semi-official, estimated or calculated data",""
"GT","Agriculture Total","5207","South America","7231","Emissions (CO2eq)","1711","Agriculture total","1980","1980","gigagrams","503693.7184","A","Aggregate, may include official, semi-official, estimated or calculated data",""
"GT","Agriculture Total","5207","South America","7231","Emissions (CO2eq)","1711","Agriculture total","1981","1981","gigagrams","508052.3342","A","Aggregate, may include official, semi-official, estimated or calculated data",""
"GT","Agriculture Total","5207","South America","7231","Emissions (CO2eq)","1711","Agriculture total","1982","1982","gigagrams","510531.5977","A","Aggregate, may include official, semi-official, estimated or calculated data",""
"GT","Agriculture Total","5207","South America","7231","Emissions (CO2eq)","1711","Agriculture total","1983","1983","gigagrams","507669.4008","A","Aggregate, may include official, semi-official, estimated or calculated data",""
"GT","Agriculture Total","5207","South America","7231","Emissions (CO2eq)","1711","Agriculture total","1984","1984","gigagrams","517382.1639","A","Aggregate, may include official, semi-official, estimated or calculated data",""
"GT","Agriculture Total","5207","South America","7231","Emissions (CO2eq)","1711","Agriculture total","1985","1985","gigagrams","519445.9295","A","Aggregate, may include official, semi-official, estimated or calculated data",""
"GT","Agriculture Total","5207","South America","7231","Emissions (CO2eq)","1711","Agriculture total","1986","1986","gigagrams","528932.1542","A","Aggregate, may include official, semi-official, estimated or calculated data",""
"GT","Agriculture Total","5207","South America","7231","Emissions (CO2eq)","1711","Agriculture total","1987","1987","gigagrams","539037.6099","A","Aggregate, may include official, semi-official, estimated or calculated data",""
"GT","Agriculture Total","5207","South America","7231","Emissions (CO2eq)","1711","Agriculture total","1988","1988","gigagrams","551309.9875","A","Aggregate, may include official, semi-official, estimated or calculated data",""
"GT","Agriculture Total","5207","South America","7231","Emissions (CO2eq)","1711","Agriculture total","1989","1989","gigagrams","559731.7642","A","Aggregate, may include official, semi-official, estimated or calculated data",""
"GT","Agriculture Total","5207","South America","7231","Emissions (CO2eq)","1711","Agriculture total","1990","1990","gigagrams","584198.0726","A","Aggregate, may include official, semi-official, estimated or calculated data",""
"GT","Agriculture Total","5207","South America","7231","Emissions (CO2eq)","1711","Agriculture total","1991","1991","gigagrams","593401.7752","A","Aggregate, may include official, semi-official, estimated or calculated data",""
"GT","Agriculture Total","5207","South America","7231","Emissions (CO2eq)","1711","Agriculture total","1992","1992","gigagrams","603725.7279","A","Aggregate, may include official, semi-official, estimated or calculated data",""
"GT","Agriculture Total","5207","South America","7231","Emissions (CO2eq)","1711","Agriculture total","1993","1993","gigagrams","607535.9415","A","Aggregate, may include official, semi-official, estimated or calculated data",""
"GT","Agriculture Total","5207","South America","7231","Emissions (CO2eq)","1711","Agriculture total","1994","1994","gigagrams","621014.4501","A","Aggregate, may include official, semi-official, estimated or calculated data",""
"GT","Agriculture Total","5207","South America","7231","Emissions (CO2eq)","1711","Agriculture total","1995","1995","gigagrams","628930.7532","A","Aggregate, may include official, semi-official, estimated or calculated data",""
"GT","Agriculture Total","5207","South America","7231","Emissions (CO2eq)","1711","Agriculture total","1996","1996","gigagrams","609515.3697","A","Aggregate, may include official, semi-official, estimated or calculated data",""
"GT","Agriculture Total","5207","South America","7231","Emissions (CO2eq)","1711","Agriculture total","1997","1997","gigagrams","617910.7483","A","Aggregate, may include official, semi-official, estimated or calculated data",""
"GT","Agriculture Total","5207","South America","7231","Emissions (CO2eq)","1711","Agriculture total","1998","1998","gigagrams","626201.3187","A","Aggregate, may include official, semi-official, estimated or calculated data",""
"GT","Agriculture Total","5207","South America","7231","Emissions (CO2eq)","1711","Agriculture total","1999","1999","gigagrams","630093.2151","A","Aggregate, may include official, semi-official, estimated or calculated data",""
"GT","Agriculture Total","5207","South America","7231","Emissions (CO2eq)","1711","Agriculture total","2000","2000","gigagrams","635212.849","A","Aggregate, may include official, semi-official, estimated or calculated data",""
"GT","Agriculture Total","5207","South America","7231","Emissions (CO2eq)","1711","Agriculture total","2001","2001","gigagrams","661392.2709","A","Aggregate, may include official, semi-official, estimated or calculated data",""
"GT","Agriculture Total","5207","South America","7231","Emissions (CO2eq)","1711","Agriculture total","2002","2002","gigagrams","686407.5237","A","Aggregate, may include official, semi-official, estimated or calculated data",""
"GT","Agriculture Total","5207","South America","7231","Emissions (CO2eq)","1711","Agriculture total","2003","2003","gigagrams","715794.4192","A","Aggregate, may include official, semi-official, estimated or calculated data",""
"GT","Agriculture Total","5207","South America","7231","Emissions (CO2eq)","1711","Agriculture total","2004","2004","gigagrams","740720.7071","A","Aggregate, may include official, semi-official, estimated or calculated data",""
"GT","Agriculture Total","5207","South America","7231","Emissions (CO2eq)","1711","Agriculture total","2005","2005","gigagrams","747610.3146","A","Aggregate, may include official, semi-official, estimated or calculated data",""
"GT","Agriculture Total","5207","South America","7231","Emissions (CO2eq)","1711","Agriculture total","2006","2006","gigagrams","743672.9471","A","Aggregate, may include official, semi-official, estimated or calculated data",""
"GT","Agriculture Total","5207","South America","7231","Emissions (CO2eq)","1711","Agriculture total","2007","2007","gigagrams","763687.0177","A","Aggregate, may include official, semi-official, estimated or calculated data",""
"GT","Agriculture Total","5207","South America","7231","Emissions (CO2eq)","1711","Agriculture total","2008","2008","gigagrams","751492.5643","A","Aggregate, may include official, semi-official, estimated or calculated data",""
"GT","Agriculture Total","5207","South America","7231","Emissions (CO2eq)","1711","Agriculture total","2009","2009","gigagrams","742616.0721","A","Aggregate, may include official, semi-official, estimated or calculated data",""
"GT","Agriculture Total","5207","South America","7231","Emissions (CO2eq)","1711","Agriculture total","2010","2010","gigagrams","768371.9693","A","Aggregate, may include official, semi-official, estimated or calculated data",""
"GT","Agriculture Total","5207","South America","7231","Emissions (CO2eq)","1711","Agriculture total","2011","2011","gigagrams","760284.6427","A","Aggregate, may include official, semi-official, estimated or calculated data",""
"GT","Agriculture Total","5207","South America","7231","Emissions (CO2eq)","1711","Agriculture total","2012","2012","gigagrams","765595.6865","A","Aggregate, may include official, semi-official, estimated or calculated data",""
"GT","Agriculture Total","5207","South America","7231","Emissions (CO2eq)","1711","Agriculture total","2013","2013","gigagrams","762962.9067","A","Aggregate, may include official, semi-official, estimated or calculated data",""
"GT","Agriculture Total","5207","South America","7231","Emissions (CO2eq)","1711","Agriculture total","2014","2014","gigagrams","773680.4473","A","Aggregate, may include official, semi-official, estimated or calculated data",""
"GT","Agriculture Total","5207","South America","7231","Emissions (CO2eq)","1711","Agriculture total","2015","2015","gigagrams","771662.1902","A","Aggregate, may include official, semi-official, estimated or calculated data",""
"GT","Agriculture Total","5207","South America","7231","Emissions (CO2eq)","1711","Agriculture total","2016","2016","gigagrams","782940.0176","A","Aggregate, may include official, semi-official, estimated or calculated data",""
"GT","Agriculture Total","5207","South America","7231","Emissions (CO2eq)","1711","Agriculture total","2017","2017","gigagrams","790712.588","A","Aggregate, may include official, semi-official, estimated or calculated data",""
"GT","Agriculture Total","5300","Asia","7231","Emissions (CO2eq)","1711","Agriculture total","1961","1961","gigagrams","998226.1233","A","Aggregate, may include official, semi-official, estimated or calculated data",""
"GT","Agriculture Total","5300","Asia","7231","Emissions (CO2eq)","1711","Agriculture total","1962","1962","gigagrams","1010249.6673","A","Aggregate, may include official, semi-official, estimated or calculated data",""
"GT","Agriculture Total","5300","Asia","7231","Emissions (CO2eq)","1711","Agriculture total","1963","1963","gigagrams","1021572.3502","A","Aggregate, may include official, semi-official, estimated or calculated data",""
"GT","Agriculture Total","5300","Asia","7231","Emissions (CO2eq)","1711","Agriculture total","1964","1964","gigagrams","1057967.1994","A","Aggregate, may include official, semi-official, estimated or calculated data",""
"GT","Agriculture Total","5300","Asia","7231","Emissions (CO2eq)","1711","Agriculture total","1965","1965","gigagrams","1073825.7304","A","Aggregate, may include official, semi-official, estimated or calculated data",""
"GT","Agriculture Total","5300","Asia","7231","Emissions (CO2eq)","1711","Agriculture total","1966","1966","gigagrams","1107979.0511","A","Aggregate, may include official, semi-official, estimated or calculated data",""
"GT","Agriculture Total","5300","Asia","7231","Emissions (CO2eq)","1711","Agriculture total","1967","1967","gigagrams","1121719.1467","A","Aggregate, may include official, semi-official, estimated or calculated data",""
"GT","Agriculture Total","5300","Asia","7231","Emissions (CO2eq)","1711","Agriculture total","1968","1968","gigagrams","1146218.0271","A","Aggregate, may include official, semi-official, estimated or calculated data",""
"GT","Agriculture Total","5300","Asia","7231","Emissions (CO2eq)","1711","Agriculture total","1969","1969","gigagrams","1159208.1397","A","Aggregate, may include official, semi-official, estimated or calculated data",""
"GT","Agriculture Total","5300","Asia","7231","Emissions (CO2eq)","1711","Agriculture total","1970","1970","gigagrams","1173294.8839","A","Aggregate, may include official, semi-official, estimated or calculated data",""
"GT","Agriculture Total","5300","Asia","7231","Emissions (CO2eq)","1711","Agriculture total","1971","1971","gigagrams","1195541.4384","A","Aggregate, may include official, semi-official, estimated or calculated data",""
"GT","Agriculture Total","5300","Asia","7231","Emissions (CO2eq)","1711","Agriculture total","1972","1972","gigagrams","1204052.8316","A","Aggregate, may include official, semi-official, estimated or calculated data",""
"GT","Agriculture Total","5300","Asia","7231","Emissions (CO2eq)","1711","Agriculture total","1973","1973","gigagrams","1227691.9006","A","Aggregate, may include official, semi-official, estimated or calculated data",""
"GT","Agriculture Total","5300","Asia","7231","Emissions (CO2eq)","1711","Agriculture total","1974","1974","gigagrams","1232076.8263","A","Aggregate, may include official, semi-official, estimated or calculated data",""
"GT","Agriculture Total","5300","Asia","7231","Emissions (CO2eq)","1711","Agriculture total","1975","1975","gigagrams","1264487.6375","A","Aggregate, may include official, semi-official, estimated or calculated data",""
"GT","Agriculture Total","5300","Asia","7231","Emissions (CO2eq)","1711","Agriculture total","1976","1976","gigagrams","1270637.6312","A","Aggregate, may include official, semi-official, estimated or calculated data",""
"GT","Agriculture Total","5300","Asia","7231","Emissions (CO2eq)","1711","Agriculture total","1977","1977","gigagrams","1301285.9928","A","Aggregate, may include official, semi-official, estimated or calculated data",""
"GT","Agriculture Total","5300","Asia","7231","Emissions (CO2eq)","1711","Agriculture total","1978","1978","gigagrams","1337093.4354","A","Aggregate, may include official, semi-official, estimated or calculated data",""
"GT","Agriculture Total","5300","Asia","7231","Emissions (CO2eq)","1711","Agriculture total","1979","1979","gigagrams","1355396.3933","A","Aggregate, may include official, semi-official, estimated or calculated data",""
"GT","Agriculture Total","5300","Asia","7231","Emissions (CO2eq)","1711","Agriculture total","1980","1980","gigagrams","1380671.272","A","Aggregate, may include official, semi-official, estimated or calculated data",""
"GT","Agriculture Total","5300","Asia","7231","Emissions (CO2eq)","1711","Agriculture total","1981","1981","gigagrams","1396682.1427","A","Aggregate, may include official, semi-official, estimated or calculated data",""
"GT","Agriculture Total","5300","Asia","7231","Emissions (CO2eq)","1711","Agriculture total","1982","1982","gigagrams","1409729.5737","A","Aggregate, may include official, semi-official, estimated or calculated data",""
"GT","Agriculture Total","5300","Asia","7231","Emissions (CO2eq)","1711","Agriculture total","1983","1983","gigagrams","1458218.2664","A","Aggregate, may include official, semi-official, estimated or calculated data",""
"GT","Agriculture Total","5300","Asia","7231","Emissions (CO2eq)","1711","Agriculture total","1984","1984","gigagrams","1486654.3977","A","Aggregate, may include official, semi-official, estimated or calculated data",""
"GT","Agriculture Total","5300","Asia","7231","Emissions (CO2eq)","1711","Agriculture total","1985","1985","gigagrams","1492847.8463","A","Aggregate, may include official, semi-official, estimated or calculated data",""
"GT","Agriculture Total","5300","Asia","7231","Emissions (CO2eq)","1711","Agriculture total","1986","1986","gigagrams","1527421.7003","A","Aggregate, may include official, semi-official, estimated or calculated data",""
"GT","Agriculture Total","5300","Asia","7231","Emissions (CO2eq)","1711","Agriculture total","1987","1987","gigagrams","1551252.4973","A","Aggregate, may include official, semi-official, estimated or calculated data",""
"GT","Agriculture Total","5300","Asia","7231","Emissions (CO2eq)","1711","Agriculture total","1988","1988","gigagrams","1601567.4799","A","Aggregate, may include official, semi-official, estimated or calculated data",""
"GT","Agriculture Total","5300","Asia","7231","Emissions (CO2eq)","1711","Agriculture total","1989","1989","gigagrams","1637496.8423","A","Aggregate, may include official, semi-official, estimated or calculated data",""
"GT","Agriculture Total","5300","Asia","7231","Emissions (CO2eq)","1711","Agriculture total","1990","1990","gigagrams","1711655.9712","A","Aggregate, may include official, semi-official, estimated or calculated data",""
"GT","Agriculture Total","5300","Asia","7231","Emissions (CO2eq)","1711","Agriculture total","1991","1991","gigagrams","1728345.6903","A","Aggregate, may include official, semi-official, estimated or calculated data",""
"GT","Agriculture Total","5300","Asia","7231","Emissions (CO2eq)","1711","Agriculture total","1992","1992","gigagrams","1827613.6538","A","Aggregate, may include official, semi-official, estimated or calculated data",""
"GT","Agriculture Total","5300","Asia","7231","Emissions (CO2eq)","1711","Agriculture total","1993","1993","gigagrams","1826375.9985","A","Aggregate, may include official, semi-official, estimated or calculated data",""
"GT","Agriculture Total","5300","Asia","7231","Emissions (CO2eq)","1711","Agriculture total","1994","1994","gigagrams","1858687.1125","A","Aggregate, may include official, semi-official, estimated or calculated data",""
"GT","Agriculture Total","5300","Asia","7231","Emissions (CO2eq)","1711","Agriculture total","1995","1995","gigagrams","1928423.9383","A","Aggregate, may include official, semi-official, estimated or calculated data",""
"GT","Agriculture Total","5300","Asia","7231","Emissions (CO2eq)","1711","Agriculture total","1996","1996","gigagrams","1981408.5627","A","Aggregate, may include official, semi-official, estimated or calculated data",""
"GT","Agriculture Total","5300","Asia","7231","Emissions (CO2eq)","1711","Agriculture total","1997","1997","gigagrams","1925759.8566","A","Aggregate, may include official, semi-official, estimated or calculated data",""
"GT","Agriculture Total","5300","Asia","7231","Emissions (CO2eq)","1711","Agriculture total","1998","1998","gigagrams","1949604.6164","A","Aggregate, may include official, semi-official, estimated or calculated data",""
"GT","Agriculture Total","5300","Asia","7231","Emissions (CO2eq)","1711","Agriculture total","1999","1999","gigagrams","1988719.2958","A","Aggregate, may include official, semi-official, estimated or calculated data",""
"GT","Agriculture Total","5300","Asia","7231","Emissions (CO2eq)","1711","Agriculture total","2000","2000","gigagrams","1970283.3591","A","Aggregate, may include official, semi-official, estimated or calculated data",""
"GT","Agriculture Total","5300","Asia","7231","Emissions (CO2eq)","1711","Agriculture total","2001","2001","gigagrams","1962477.3617","A","Aggregate, may include official, semi-official, estimated or calculated data",""
"GT","Agriculture Total","5300","Asia","7231","Emissions (CO2eq)","1711","Agriculture total","2002","2002","gigagrams","1971817.3427","A","Aggregate, may include official, semi-official, estimated or calculated data",""
"GT","Agriculture Total","5300","Asia","7231","Emissions (CO2eq)","1711","Agriculture total","2003","2003","gigagrams","1983640.1977","A","Aggregate, may include official, semi-official, estimated or calculated data",""
"GT","Agriculture Total","5300","Asia","7231","Emissions (CO2eq)","1711","Agriculture total","2004","2004","gigagrams","2029526.3084","A","Aggregate, may include official, semi-official, estimated or calculated data",""
"GT","Agriculture Total","5300","Asia","7231","Emissions (CO2eq)","1711","Agriculture total","2005","2005","gigagrams","2072804.7908","A","Aggregate, may include official, semi-official, estimated or calculated data",""
"GT","Agriculture Total","5300","Asia","7231","Emissions (CO2eq)","1711","Agriculture total","2006","2006","gigagrams","2110498.7649","A","Aggregate, may include official, semi-official, estimated or calculated data",""
"GT","Agriculture Total","5300","Asia","7231","Emissions (CO2eq)","1711","Agriculture total","2007","2007","gigagrams","2137225.9646","A","Aggregate, may include official, semi-official, estimated or calculated data",""
"GT","Agriculture Total","5300","Asia","7231","Emissions (CO2eq)","1711","Agriculture total","2008","2008","gigagrams","2167471.7445","A","Aggregate, may include official, semi-official, estimated or calculated data",""
"GT","Agriculture Total","5300","Asia","7231","Emissions (CO2eq)","1711","Agriculture total","2009","2009","gigagrams","2201313.3743","A","Aggregate, may include official, semi-official, estimated or calculated data",""
"GT","Agriculture Total","5300","Asia","7231","Emissions (CO2eq)","1711","Agriculture total","2010","2010","gigagrams","2225757.4436","A","Aggregate, may include official, semi-official, estimated or calculated data",""
"GT","Agriculture Total","5300","Asia","7231","Emissions (CO2eq)","1711","Agriculture total","2011","2011","gigagrams","2238870.3317","A","Aggregate, may include official, semi-official, estimated or calculated data",""
"GT","Agriculture Total","5300","Asia","7231","Emissions (CO2eq)","1711","Agriculture total","2012","2012","gigagrams","2251623.9556","A","Aggregate, may include official, semi-official, estimated or calculated data",""
"GT","Agriculture Total","5300","Asia","7231","Emissions (CO2eq)","1711","Agriculture total","2013","2013","gigagrams","2267101.3637","A","Aggregate, may include official, semi-official, estimated or calculated data",""
"GT","Agriculture Total","5300","Asia","7231","Emissions (CO2eq)","1711","Agriculture total","2014","2014","gigagrams","2276958.2893","A","Aggregate, may include official, semi-official, estimated or calculated data",""
"GT","Agriculture Total","5300","Asia","7231","Emissions (CO2eq)","1711","Agriculture total","2015","2015","gigagrams","2297401.7064","A","Aggregate, may include official, semi-official, estimated or calculated data",""
"GT","Agriculture Total","5300","Asia","7231","Emissions (CO2eq)","1711","Agriculture total","2016","2016","gigagrams","2316238.5993","A","Aggregate, may include official, semi-official, estimated or calculated data",""
"GT","Agriculture Total","5300","Asia","7231","Emissions (CO2eq)","1711","Agriculture total","2017","2017","gigagrams","2338497.6476","A","Aggregate, may include official, semi-official, estimated or calculated data",""
"GT","Agriculture Total","5400","Europe","7231","Emissions (CO2eq)","1711","Agriculture total","1961","1961","gigagrams","698499.3268","A","Aggregate, may include official, semi-official, estimated or calculated data",""
"GT","Agriculture Total","5400","Europe","7231","Emissions (CO2eq)","1711","Agriculture total","1962","1962","gigagrams","721944.4829","A","Aggregate, may include official, semi-official, estimated or calculated data",""
"GT","Agriculture Total","5400","Europe","7231","Emissions (CO2eq)","1711","Agriculture total","1963","1963","gigagrams","728591.8636","A","Aggregate, may include official, semi-official, estimated or calculated data",""
"GT","Agriculture Total","5400","Europe","7231","Emissions (CO2eq)","1711","Agriculture total","1964","1964","gigagrams","722974.5068","A","Aggregate, may include official, semi-official, estimated or calculated data",""
"GT","Agriculture Total","5400","Europe","7231","Emissions (CO2eq)","1711","Agriculture total","1965","1965","gigagrams","737093.903","A","Aggregate, may include official, semi-official, estimated or calculated data",""
"GT","Agriculture Total","5400","Europe","7231","Emissions (CO2eq)","1711","Agriculture total","1966","1966","gigagrams","767283.9295","A","Aggregate, may include official, semi-official, estimated or calculated data",""
"GT","Agriculture Total","5400","Europe","7231","Emissions (CO2eq)","1711","Agriculture total","1967","1967","gigagrams","790642.5489","A","Aggregate, may include official, semi-official, estimated or calculated data",""
"GT","Agriculture Total","5400","Europe","7231","Emissions (CO2eq)","1711","Agriculture total","1968","1968","gigagrams","802388.8815","A","Aggregate, may include official, semi-official, estimated or calculated data",""
"GT","Agriculture Total","5400","Europe","7231","Emissions (CO2eq)","1711","Agriculture total","1969","1969","gigagrams","802590.6001","A","Aggregate, may include official, semi-official, estimated or calculated data",""
"GT","Agriculture Total","5400","Europe","7231","Emissions (CO2eq)","1711","Agriculture total","1970","1970","gigagrams","807176.7363","A","Aggregate, may include official, semi-official, estimated or calculated data",""
"GT","Agriculture Total","5400","Europe","7231","Emissions (CO2eq)","1711","Agriculture total","1971","1971","gigagrams","829800.9296","A","Aggregate, may include official, semi-official, estimated or calculated data",""
"GT","Agriculture Total","5400","Europe","7231","Emissions (CO2eq)","1711","Agriculture total","1972","1972","gigagrams","845634.9366","A","Aggregate, may include official, semi-official, estimated or calculated data",""
"GT","Agriculture Total","5400","Europe","7231","Emissions (CO2eq)","1711","Agriculture total","1973","1973","gigagrams","872419.4741","A","Aggregate, may include official, semi-official, estimated or calculated data",""
"GT","Agriculture Total","5400","Europe","7231","Emissions (CO2eq)","1711","Agriculture total","1974","1974","gigagrams","892314.5244","A","Aggregate, may include official, semi-official, estimated or calculated data",""
"GT","Agriculture Total","5400","Europe","7231","Emissions (CO2eq)","1711","Agriculture total","1975","1975","gigagrams","905790.2898","A","Aggregate, may include official, semi-official, estimated or calculated data",""
"GT","Agriculture Total","5400","Europe","7231","Emissions (CO2eq)","1711","Agriculture total","1976","1976","gigagrams","907679.5492","A","Aggregate, may include official, semi-official, estimated or calculated data",""
"GT","Agriculture Total","5400","Europe","7231","Emissions (CO2eq)","1711","Agriculture total","1977","1977","gigagrams","911143.3461","A","Aggregate, may include official, semi-official, estimated or calculated data",""
"GT","Agriculture Total","5400","Europe","7231","Emissions (CO2eq)","1711","Agriculture total","1978","1978","gigagrams","932677.2167","A","Aggregate, may include official, semi-official, estimated or calculated data",""
"GT","Agriculture Total","5400","Europe","7231","Emissions (CO2eq)","1711","Agriculture total","1979","1979","gigagrams","937714.0262","A","Aggregate, may include official, semi-official, estimated or calculated data",""
"GT","Agriculture Total","5400","Europe","7231","Emissions (CO2eq)","1711","Agriculture total","1980","1980","gigagrams","946745.2446","A","Aggregate, may include official, semi-official, estimated or calculated data",""
"GT","Agriculture Total","5400","Europe","7231","Emissions (CO2eq)","1711","Agriculture total","1981","1981","gigagrams","942080.8428","A","Aggregate, may include official, semi-official, estimated or calculated data",""
"GT","Agriculture Total","5400","Europe","7231","Emissions (CO2eq)","1711","Agriculture total","1982","1982","gigagrams","957857.527","A","Aggregate, may include official, semi-official, estimated or calculated data",""
"GT","Agriculture Total","5400","Europe","7231","Emissions (CO2eq)","1711","Agriculture total","1983","1983","gigagrams","966764.9819","A","Aggregate, may include official, semi-official, estimated or calculated data",""
"GT","Agriculture Total","5400","Europe","7231","Emissions (CO2eq)","1711","Agriculture total","1984","1984","gigagrams","982017.1826","A","Aggregate, may include official, semi-official, estimated or calculated data",""
"GT","Agriculture Total","5400","Europe","7231","Emissions (CO2eq)","1711","Agriculture total","1985","1985","gigagrams","986015.6115","A","Aggregate, may include official, semi-official, estimated or calculated data",""
"GT","Agriculture Total","5400","Europe","7231","Emissions (CO2eq)","1711","Agriculture total","1986","1986","gigagrams","988801.1955","A","Aggregate, may include official, semi-official, estimated or calculated data",""
"GT","Agriculture Total","5400","Europe","7231","Emissions (CO2eq)","1711","Agriculture total","1987","1987","gigagrams","982877.5809","A","Aggregate, may include official, semi-official, estimated or calculated data",""
"GT","Agriculture Total","5400","Europe","7231","Emissions (CO2eq)","1711","Agriculture total","1988","1988","gigagrams","972003.6962","A","Aggregate, may include official, semi-official, estimated or calculated data",""
"GT","Agriculture Total","5400","Europe","7231","Emissions (CO2eq)","1711","Agriculture total","1989","1989","gigagrams","961047.6432","A","Aggregate, may include official, semi-official, estimated or calculated data",""
"GT","Agriculture Total","5400","Europe","7231","Emissions (CO2eq)","1711","Agriculture total","1990","1990","gigagrams","985295.8185","A","Aggregate, may include official, semi-official, estimated or calculated data",""
"GT","Agriculture Total","5400","Europe","7231","Emissions (CO2eq)","1711","Agriculture total","1991","1991","gigagrams","945233.6693","A","Aggregate, may include official, semi-official, estimated or calculated data",""
"GT","Agriculture Total","5400","Europe","7231","Emissions (CO2eq)","1711","Agriculture total","1992","1992","gigagrams","804544.9881","A","Aggregate, may include official, semi-official, estimated or calculated data",""
"GT","Agriculture Total","5400","Europe","7231","Emissions (CO2eq)","1711","Agriculture total","1993","1993","gigagrams","772228.4696","A","Aggregate, may include official, semi-official, estimated or calculated data",""
"GT","Agriculture Total","5400","Europe","7231","Emissions (CO2eq)","1711","Agriculture total","1994","1994","gigagrams","746197.7845","A","Aggregate, may include official, semi-official, estimated or calculated data",""
"GT","Agriculture Total","5400","Europe","7231","Emissions (CO2eq)","1711","Agriculture total","1995","1995","gigagrams","716806.3223","A","Aggregate, may include official, semi-official, estimated or calculated data",""
"GT","Agriculture Total","5400","Europe","7231","Emissions (CO2eq)","1711","Agriculture total","1996","1996","gigagrams","702748.5694","A","Aggregate, may include official, semi-official, estimated or calculated data",""
"GT","Agriculture Total","5400","Europe","7231","Emissions (CO2eq)","1711","Agriculture total","1997","1997","gigagrams","680921.7752","A","Aggregate, may include official, semi-official, estimated or calculated data",""
"GT","Agriculture Total","5400","Europe","7231","Emissions (CO2eq)","1711","Agriculture total","1998","1998","gigagrams","659331.1671","A","Aggregate, may include official, semi-official, estimated or calculated data",""
"GT","Agriculture Total","5400","Europe","7231","Emissions (CO2eq)","1711","Agriculture total","1999","1999","gigagrams","642274.2044","A","Aggregate, may include official, semi-official, estimated or calculated data",""
"GT","Agriculture Total","5400","Europe","7231","Emissions (CO2eq)","1711","Agriculture total","2000","2000","gigagrams","630681.9757","A","Aggregate, may include official, semi-official, estimated or calculated data",""
"GT","Agriculture Total","5400","Europe","7231","Emissions (CO2eq)","1711","Agriculture total","2001","2001","gigagrams","621410.8952","A","Aggregate, may include official, semi-official, estimated or calculated data",""
"GT","Agriculture Total","5400","Europe","7231","Emissions (CO2eq)","1711","Agriculture total","2002","2002","gigagrams","613302.4592","A","Aggregate, may include official, semi-official, estimated or calculated data",""
"GT","Agriculture Total","5400","Europe","7231","Emissions (CO2eq)","1711","Agriculture total","2003","2003","gigagrams","611886.8886","A","Aggregate, may include official, semi-official, estimated or calculated data",""
"GT","Agriculture Total","5400","Europe","7231","Emissions (CO2eq)","1711","Agriculture total","2004","2004","gigagrams","598956.0781","A","Aggregate, may include official, semi-official, estimated or calculated data",""
"GT","Agriculture Total","5400","Europe","7231","Emissions (CO2eq)","1711","Agriculture total","2005","2005","gigagrams","584404.1808","A","Aggregate, may include official, semi-official, estimated or calculated data",""
"GT","Agriculture Total","5400","Europe","7231","Emissions (CO2eq)","1711","Agriculture total","2006","2006","gigagrams","577217.6717","A","Aggregate, may include official, semi-official, estimated or calculated data",""
"GT","Agriculture Total","5400","Europe","7231","Emissions (CO2eq)","1711","Agriculture total","2007","2007","gigagrams","581321.7381","A","Aggregate, may include official, semi-official, estimated or calculated data",""
"GT","Agriculture Total","5400","Europe","7231","Emissions (CO2eq)","1711","Agriculture total","2008","2008","gigagrams","583145.8626","A","Aggregate, may include official, semi-official, estimated or calculated data",""
"GT","Agriculture Total","5400","Europe","7231","Emissions (CO2eq)","1711","Agriculture total","2009","2009","gigagrams","570569.5169","A","Aggregate, may include official, semi-official, estimated or calculated data",""
"GT","Agriculture Total","5400","Europe","7231","Emissions (CO2eq)","1711","Agriculture total","2010","2010","gigagrams","569657.1485","A","Aggregate, may include official, semi-official, estimated or calculated data",""
"GT","Agriculture Total","5400","Europe","7231","Emissions (CO2eq)","1711","Agriculture total","2011","2011","gigagrams","565370.9309","A","Aggregate, may include official, semi-official, estimated or calculated data",""
"GT","Agriculture Total","5400","Europe","7231","Emissions (CO2eq)","1711","Agriculture total","2012","2012","gigagrams","563168.9013","A","Aggregate, may include official, semi-official, estimated or calculated data",""
"GT","Agriculture Total","5400","Europe","7231","Emissions (CO2eq)","1711","Agriculture total","2013","2013","gigagrams","569891.3087","A","Aggregate, may include official, semi-official, estimated or calculated data",""
"GT","Agriculture Total","5400","Europe","7231","Emissions (CO2eq)","1711","Agriculture total","2014","2014","gigagrams","574256.3401","A","Aggregate, may include official, semi-official, estimated or calculated data",""
"GT","Agriculture Total","5400","Europe","7231","Emissions (CO2eq)","1711","Agriculture total","2015","2015","gigagrams","574837.5226","A","Aggregate, may include official, semi-official, estimated or calculated data",""
"GT","Agriculture Total","5400","Europe","7231","Emissions (CO2eq)","1711","Agriculture total","2016","2016","gigagrams","577795.7235","A","Aggregate, may include official, semi-official, estimated or calculated data",""
"GT","Agriculture Total","5400","Europe","7231","Emissions (CO2eq)","1711","Agriculture total","2017","2017","gigagrams","579892.1013","A","Aggregate, may include official, semi-official, estimated or calculated data",""
"GT","Agriculture Total","5500","Oceania","7231","Emissions (CO2eq)","1711","Agriculture total","1961","1961","gigagrams","121442.1639","A","Aggregate, may include official, semi-official, estimated or calculated data",""
"GT","Agriculture Total","5500","Oceania","7231","Emissions (CO2eq)","1711","Agriculture total","1962","1962","gigagrams","125311.9454","A","Aggregate, may include official, semi-official, estimated or calculated data",""
"GT","Agriculture Total","5500","Oceania","7231","Emissions (CO2eq)","1711","Agriculture total","1963","1963","gigagrams","127526.1352","A","Aggregate, may include official, semi-official, estimated or calculated data",""
"GT","Agriculture Total","5500","Oceania","7231","Emissions (CO2eq)","1711","Agriculture total","1964","1964","gigagrams","130814.0189","A","Aggregate, may include official, semi-official, estimated or calculated data",""
"GT","Agriculture Total","5500","Oceania","7231","Emissions (CO2eq)","1711","Agriculture total","1965","1965","gigagrams","132921.2146","A","Aggregate, may include official, semi-official, estimated or calculated data",""
"GT","Agriculture Total","5500","Oceania","7231","Emissions (CO2eq)","1711","Agriculture total","1966","1966","gigagrams","129650.9556","A","Aggregate, may include official, semi-official, estimated or calculated data",""
"GT","Agriculture Total","5500","Oceania","7231","Emissions (CO2eq)","1711","Agriculture total","1967","1967","gigagrams","134288.5975","A","Aggregate, may include official, semi-official, estimated or calculated data",""
"GT","Agriculture Total","5500","Oceania","7231","Emissions (CO2eq)","1711","Agriculture total","1968","1968","gigagrams","139193.3559","A","Aggregate, may include official, semi-official, estimated or calculated data",""
"GT","Agriculture Total","5500","Oceania","7231","Emissions (CO2eq)","1711","Agriculture total","1969","1969","gigagrams","144629.5078","A","Aggregate, may include official, semi-official, estimated or calculated data",""
"GT","Agriculture Total","5500","Oceania","7231","Emissions (CO2eq)","1711","Agriculture total","1970","1970","gigagrams","149823.458","A","Aggregate, may include official, semi-official, estimated or calculated data",""
"GT","Agriculture Total","5500","Oceania","7231","Emissions (CO2eq)","1711","Agriculture total","1971","1971","gigagrams","151905.3036","A","Aggregate, may include official, semi-official, estimated or calculated data",""
"GT","Agriculture Total","5500","Oceania","7231","Emissions (CO2eq)","1711","Agriculture total","1972","1972","gigagrams","155416.3044","A","Aggregate, may include official, semi-official, estimated or calculated data",""
"GT","Agriculture Total","5500","Oceania","7231","Emissions (CO2eq)","1711","Agriculture total","1973","1973","gigagrams","151628.6616","A","Aggregate, may include official, semi-official, estimated or calculated data",""
"GT","Agriculture Total","5500","Oceania","7231","Emissions (CO2eq)","1711","Agriculture total","1974","1974","gigagrams","156787.1221","A","Aggregate, may include official, semi-official, estimated or calculated data",""
"GT","Agriculture Total","5500","Oceania","7231","Emissions (CO2eq)","1711","Agriculture total","1975","1975","gigagrams","162522.3872","A","Aggregate, may include official, semi-official, estimated or calculated data",""
"GT","Agriculture Total","5500","Oceania","7231","Emissions (CO2eq)","1711","Agriculture total","1976","1976","gigagrams","163032.3834","A","Aggregate, may include official, semi-official, estimated or calculated data",""
"GT","Agriculture Total","5500","Oceania","7231","Emissions (CO2eq)","1711","Agriculture total","1977","1977","gigagrams","155200.0638","A","Aggregate, may include official, semi-official, estimated or calculated data",""
"GT","Agriculture Total","5500","Oceania","7231","Emissions (CO2eq)","1711","Agriculture total","1978","1978","gigagrams","150400.3568","A","Aggregate, may include official, semi-official, estimated or calculated data",""
"GT","Agriculture Total","5500","Oceania","7231","Emissions (CO2eq)","1711","Agriculture total","1979","1979","gigagrams","146496.1162","A","Aggregate, may include official, semi-official, estimated or calculated data",""
"GT","Agriculture Total","5500","Oceania","7231","Emissions (CO2eq)","1711","Agriculture total","1980","1980","gigagrams","146991.9734","A","Aggregate, may include official, semi-official, estimated or calculated data",""
"GT","Agriculture Total","5500","Oceania","7231","Emissions (CO2eq)","1711","Agriculture total","1981","1981","gigagrams","145046.4197","A","Aggregate, may include official, semi-official, estimated or calculated data",""
"GT","Agriculture Total","5500","Oceania","7231","Emissions (CO2eq)","1711","Agriculture total","1982","1982","gigagrams","144339.6051","A","Aggregate, may include official, semi-official, estimated or calculated data",""
"GT","Agriculture Total","5500","Oceania","7231","Emissions (CO2eq)","1711","Agriculture total","1983","1983","gigagrams","139533.8004","A","Aggregate, may include official, semi-official, estimated or calculated data",""
"GT","Agriculture Total","5500","Oceania","7231","Emissions (CO2eq)","1711","Agriculture total","1984","1984","gigagrams","141397.4115","A","Aggregate, may include official, semi-official, estimated or calculated data",""
"GT","Agriculture Total","5500","Oceania","7231","Emissions (CO2eq)","1711","Agriculture total","1985","1985","gigagrams","145433.7896","A","Aggregate, may include official, semi-official, estimated or calculated data",""
"GT","Agriculture Total","5500","Oceania","7231","Emissions (CO2eq)","1711","Agriculture total","1986","1986","gigagrams","146578.247","A","Aggregate, may include official, semi-official, estimated or calculated data",""
"GT","Agriculture Total","5500","Oceania","7231","Emissions (CO2eq)","1711","Agriculture total","1987","1987","gigagrams","142420.8441","A","Aggregate, may include official, semi-official, estimated or calculated data",""
"GT","Agriculture Total","5500","Oceania","7231","Emissions (CO2eq)","1711","Agriculture total","1988","1988","gigagrams","144025.8482","A","Aggregate, may include official, semi-official, estimated or calculated data",""
"GT","Agriculture Total","5500","Oceania","7231","Emissions (CO2eq)","1711","Agriculture total","1989","1989","gigagrams","146603.3906","A","Aggregate, may include official, semi-official, estimated or calculated data",""
"GT","Agriculture Total","5500","Oceania","7231","Emissions (CO2eq)","1711","Agriculture total","1990","1990","gigagrams","213573.7707","A","Aggregate, may include official, semi-official, estimated or calculated data",""
"GT","Agriculture Total","5500","Oceania","7231","Emissions (CO2eq)","1711","Agriculture total","1991","1991","gigagrams","211219.2573","A","Aggregate, may include official, semi-official, estimated or calculated data",""
"GT","Agriculture Total","5500","Oceania","7231","Emissions (CO2eq)","1711","Agriculture total","1992","1992","gigagrams","207639.8277","A","Aggregate, may include official, semi-official, estimated or calculated data",""
"GT","Agriculture Total","5500","Oceania","7231","Emissions (CO2eq)","1711","Agriculture total","1993","1993","gigagrams","205333.0553","A","Aggregate, may include official, semi-official, estimated or calculated data",""
"GT","Agriculture Total","5500","Oceania","7231","Emissions (CO2eq)","1711","Agriculture total","1994","1994","gigagrams","207842.3589","A","Aggregate, may include official, semi-official, estimated or calculated data",""
"GT","Agriculture Total","5500","Oceania","7231","Emissions (CO2eq)","1711","Agriculture total","1995","1995","gigagrams","206544.2829","A","Aggregate, may include official, semi-official, estimated or calculated data",""
"GT","Agriculture Total","5500","Oceania","7231","Emissions (CO2eq)","1711","Agriculture total","1996","1996","gigagrams","189591.9542","A","Aggregate, may include official, semi-official, estimated or calculated data",""
"GT","Agriculture Total","5500","Oceania","7231","Emissions (CO2eq)","1711","Agriculture total","1997","1997","gigagrams","188318.9585","A","Aggregate, may include official, semi-official, estimated or calculated data",""
"GT","Agriculture Total","5500","Oceania","7231","Emissions (CO2eq)","1711","Agriculture total","1998","1998","gigagrams","193921.532","A","Aggregate, may include official, semi-official, estimated or calculated data",""
"GT","Agriculture Total","5500","Oceania","7231","Emissions (CO2eq)","1711","Agriculture total","1999","1999","gigagrams","224458.902","A","Aggregate, may include official, semi-official, estimated or calculated data",""
"GT","Agriculture Total","5500","Oceania","7231","Emissions (CO2eq)","1711","Agriculture total","2000","2000","gigagrams","239631.4691","A","Aggregate, may include official, semi-official, estimated or calculated data",""
"GT","Agriculture Total","5500","Oceania","7231","Emissions (CO2eq)","1711","Agriculture total","2001","2001","gigagrams","269513.3159","A","Aggregate, may include official, semi-official, estimated or calculated data",""
"GT","Agriculture Total","5500","Oceania","7231","Emissions (CO2eq)","1711","Agriculture total","2002","2002","gigagrams","250919.4302","A","Aggregate, may include official, semi-official, estimated or calculated data",""
"GT","Agriculture Total","5500","Oceania","7231","Emissions (CO2eq)","1711","Agriculture total","2003","2003","gigagrams","175342.3014","A","Aggregate, may include official, semi-official, estimated or calculated data",""
"GT","Agriculture Total","5500","Oceania","7231","Emissions (CO2eq)","1711","Agriculture total","2004","2004","gigagrams","221325.7368","A","Aggregate, may include official, semi-official, estimated or calculated data",""
"GT","Agriculture Total","5500","Oceania","7231","Emissions (CO2eq)","1711","Agriculture total","2005","2005","gigagrams","174764.2098","A","Aggregate, may include official, semi-official, estimated or calculated data",""
"GT","Agriculture Total","5500","Oceania","7231","Emissions (CO2eq)","1711","Agriculture total","2006","2006","gigagrams","213676.3257","A","Aggregate, may include official, semi-official, estimated or calculated data",""
"GT","Agriculture Total","5500","Oceania","7231","Emissions (CO2eq)","1711","Agriculture total","2007","2007","gigagrams","199839.9613","A","Aggregate, may include official, semi-official, estimated or calculated data",""
"GT","Agriculture Total","5500","Oceania","7231","Emissions (CO2eq)","1711","Agriculture total","2008","2008","gigagrams","170243.4883","A","Aggregate, may include official, semi-official, estimated or calculated data",""
"GT","Agriculture Total","5500","Oceania","7231","Emissions (CO2eq)","1711","Agriculture total","2009","2009","gigagrams","176919.9459","A","Aggregate, may include official, semi-official, estimated or calculated data",""
"GT","Agriculture Total","5500","Oceania","7231","Emissions (CO2eq)","1711","Agriculture total","2010","2010","gigagrams","152948.3146","A","Aggregate, may include official, semi-official, estimated or calculated data",""
"GT","Agriculture Total","5500","Oceania","7231","Emissions (CO2eq)","1711","Agriculture total","2011","2011","gigagrams","256612.2478","A","Aggregate, may include official, semi-official, estimated or calculated data",""
"GT","Agriculture Total","5500","Oceania","7231","Emissions (CO2eq)","1711","Agriculture total","2012","2012","gigagrams","257764.7754","A","Aggregate, may include official, semi-official, estimated or calculated data",""
"GT","Agriculture Total","5500","Oceania","7231","Emissions (CO2eq)","1711","Agriculture total","2013","2013","gigagrams","174745.4805","A","Aggregate, may include official, semi-official, estimated or calculated data",""
"GT","Agriculture Total","5500","Oceania","7231","Emissions (CO2eq)","1711","Agriculture total","2014","2014","gigagrams","196644.4364","A","Aggregate, may include official, semi-official, estimated or calculated data",""
"GT","Agriculture Total","5500","Oceania","7231","Emissions (CO2eq)","1711","Agriculture total","2015","2015","gigagrams","187614.6969","A","Aggregate, may include official, semi-official, estimated or calculated data",""
"GT","Agriculture Total","5500","Oceania","7231","Emissions (CO2eq)","1711","Agriculture total","2016","2016","gigagrams","155755.1394","A","Aggregate, may include official, semi-official, estimated or calculated data",""
"GT","Agriculture Total","5500","Oceania","7231","Emissions (CO2eq)","1711","Agriculture total","2017","2017","gigagrams","195937.2243","A","Aggregate, may include official, semi-official, estimated or calculated data",""
